Customer ID,Name,Age
Kristen Klein,20
April Norman,29
Justin Hanna,25
Pamela Stephens,27
Annette Murphy,26
Gregory Lee,26
Oscar Doyle,28
Kelly Ramos,25
James Rollins,28
Lisa Williams,25
Amanda Williams,25
Edward Brown,23
Elizabeth Sanders,20
Jose Ingram,27
Emily Perry,25
Elizabeth Rivera,27
Robin Nelson,22
Tyler Petersen,27
Linda Harmon,28
Donald Riggs,28
Karen Simmons,30
Elizabeth Burns,26
Kathleen Phillips,25
Kayla Ward,27
Bryan Goodman,23
Travis Smith,25
Daniel Herrera,22
Elijah Ford,22
Heather Villegas,28
Brandon Hall,27
Amber Knight,29
Jeffrey Greene,25
Robert Schwartz,24
Maurice Horn,28
Maria Callahan,24
Victoria Valdez,20
Shawn Jones,22
Deborah Sanders,26
Dana Hayes,28
Katherine Baird,25
Daniel Medina,25
Rodney Allen,30
Joseph Dixon,20
Marcus Cox,20
Eric Bender,21
Mark Velasquez,26
Daniel Ramirez,23
Amanda Simpson,26
Alvin Daniels,27
Amber Mullins,28
Jessica Evans,28
Carolyn Hahn,27
Eileen Taylor,27
Joel Jenkins,20
Janet White,19
Alexander Matthews,23
Madeline Blanchard,28
Rachel Rios,20
Kayla Burnett,25
David Payne,24
Margaret Collins,28
Kimberly Fuller,29
Cheryl Chavez,21
William Lopez,24
Katherine Williamson,23
Ashley Weeks,22
Bryan Garrett,21
Clarence Arroyo,28
Karen Daniels,27
Christopher Johnson,20
Michelle Pittman,21
Janet Johnson,26
Diane Bautista,28
Richard Rogers,28
Edward Kelly,27
Tammy Camacho,30
Brooke Johnston,21
Jacob Russo,27
Adrian Foster,25
Dawn Davis,28
Brendan Garcia,19
Tommy Patterson,27
Brandon Molina,20
Sue White,28
Craig Torres,19
Linda Sanchez,29
Diana Hernandez,25
Shannon Carpenter,26
Corey Chandler,20
Stacey Jones,29
Robert Lewis,28
Kelly Weber,23
Timothy Zhang,22
Emma Miles,29
Donald Jackson,19
Catherine Garcia,25
Joshua Henderson,26
Tiffany Sandoval,25
Christopher Lane,22
